                  epoch,         train/box_loss,         train/cls_loss,         train/dfl_loss,   metrics/precision(B),      metrics/recall(B),       metrics/mAP50(B),    metrics/mAP50-95(B),           val/box_loss,           val/cls_loss,           val/dfl_loss,                 lr/pg0,                 lr/pg1,                 lr/pg2
                      1,                  1.316,                 4.9048,                 1.5276,                0.86592,                   0.25,                0.42748,                0.18319,                 1.5653,                 6.5621,                 1.7626,              0.0001667,              0.0001667,              0.0001667
                      2,                0.86124,                 2.1103,                 1.1596,                 0.9789,                    0.5,                  0.995,                0.81147,                0.93621,                  2.045,                 1.1864,             0.00034891,             0.00034891,             0.00034891
                      3,                0.79373,                 1.2885,                 1.0736,                 0.6228,                    0.5,                0.35535,                0.24399,                 1.1608,                 2.6881,                 1.2413,             0.00052992,             0.00052992,             0.00052992
                      4,                0.74565,                0.96566,                 1.0578,                 0.6223,                0.94494,                0.99129,                0.79108,                0.88767,                  1.805,                 1.0601,             0.00070971,             0.00070971,             0.00070971
                      5,                0.75455,                0.81075,                 1.0262,                0.90615,                      1,                  0.995,                0.80718,                0.87017,                 1.1942,                 1.0245,              0.0008883,              0.0008883,              0.0008883
                      6,                0.75425,                0.74063,                 1.0566,                0.86452,                0.89286,                0.94301,                0.72173,                0.74823,                 1.0481,                 1.0119,              0.0010657,              0.0010657,              0.0010657
                      7,                0.78966,                0.69455,                 1.0698,                0.64037,                      1,                   0.92,                0.72093,                0.88901,                 2.7503,                 1.1022,              0.0012418,              0.0012418,              0.0012418
                      8,                0.81607,                0.75975,                 1.1194,                0.83333,                0.17857,                0.29754,                0.21895,                 1.1536,                 28.159,                 1.2547,              0.0014168,              0.0014168,              0.0014168
                      9,                0.81738,                 0.8977,                 1.0836,                0.40156,                    0.5,                0.43354,                0.32529,                0.98532,                 7.2605,                 1.0898,              0.0015905,              0.0015905,              0.0015905
                     10,                0.85227,                0.86294,                 1.1152,                0.56399,                0.93711,                0.99079,                0.82294,                0.86871,                  3.871,                 1.1356,              0.0016175,              0.0016175,              0.0016175
                     11,                0.80396,                0.73823,                 1.0757,                0.57408,                0.19643,                0.07429,                 0.0607,                0.97087,                 6.2109,                 1.3015,              0.0016175,              0.0016175,              0.0016175
                     12,                0.76723,                0.64169,                   1.06,                0.02681,                0.73214,                0.15572,                 0.1024,                 2.2224,                 6.3726,                 2.3135,               0.001612,               0.001612,               0.001612
                     13,                0.76126,                0.62886,                 1.0613,                0.02681,                0.73214,                0.15572,                 0.1024,                 3.8731,                 29.615,                 3.5715,              0.0016065,              0.0016065,              0.0016065
                     14,                0.79136,                0.65581,                 1.0641,                0.43176,                0.61689,                0.62191,                0.51153,                0.68948,                 1.6701,                0.97353,               0.001601,               0.001601,               0.001601
                     15,                0.73918,                0.65617,                 1.0282,                0.71826,                0.98214,                0.93971,                0.74984,                0.83105,                 1.6129,                 1.0246,              0.0015955,              0.0015955,              0.0015955
                     16,                0.72526,                0.59254,                 1.0547,                0.89159,                0.32143,                0.42199,                 0.3209,                 0.7968,                   3.99,                 1.0926,                0.00159,                0.00159,                0.00159
                     17,                0.72019,                0.62364,                 1.0575,                0.88697,                0.48919,                0.43871,                0.31807,                0.86035,                 5.2985,                 1.1693,              0.0015845,              0.0015845,              0.0015845
                     18,                0.79146,                0.61882,                 1.0729,                0.97342,                    0.5,                0.67596,                 0.5246,                0.83473,                 5.8757,                 1.0765,               0.001579,               0.001579,               0.001579
                     19,                 0.7965,                 0.5599,                 1.0663,                0.76503,                0.92857,                0.78089,                0.65384,                0.79854,                 2.2157,                 1.1021,              0.0015735,              0.0015735,              0.0015735
                     20,                0.70253,                0.50715,                 1.0105,                0.91078,                    0.5,                0.44847,                0.36188,                0.83913,                 2.2549,                 1.1003,               0.001568,               0.001568,               0.001568
                     21,                0.74401,                0.50965,                 1.0372,                0.91101,                    0.5,                0.56777,                0.46252,                  0.923,                  1.417,                 1.0859,              0.0015625,              0.0015625,              0.0015625
                     22,                0.75645,                0.56637,                 1.0654,                0.85802,                0.46429,                0.38683,                0.33727,                 0.6781,                 3.3375,                0.95892,               0.001557,               0.001557,               0.001557
                     23,                  0.771,                0.54259,                 1.0589,                0.00172,                0.17857,                0.00136,                0.00067,                 1.8649,                 6.3307,                 1.6017,              0.0015515,              0.0015515,              0.0015515
                     24,                0.72745,                0.49392,                 1.0217,                0.00172,                0.17857,                0.00136,                0.00067,                 3.5419,                 5.6584,                 3.0644,               0.001546,               0.001546,               0.001546
                     25,                0.71097,                0.46437,                 1.0252,                0.00172,                0.17857,                0.00136,                0.00067,                 3.3691,                 5.3065,                 3.1716,              0.0015405,              0.0015405,              0.0015405
                     26,                0.75735,                0.47531,                 1.0736,                0.90365,                0.60714,                0.65191,                0.52108,                 1.0872,                 2.7858,                 1.4254,               0.001535,               0.001535,               0.001535
                     27,                0.70804,                0.54717,                 1.0504,                0.85818,                0.72029,                0.89769,                0.78826,                0.64393,                 2.0912,                0.93869,              0.0015295,              0.0015295,              0.0015295
                     28,                0.74887,                0.47925,                 1.0474,                0.91066,                    0.5,                0.96653,                0.83208,                0.71103,                 1.2918,                0.96881,               0.001524,               0.001524,               0.001524
                     29,                0.71867,                0.47233,                 1.0405,                0.67823,                0.84901,                0.91245,                0.77275,                0.68512,                0.87531,                 1.0047,              0.0015185,              0.0015185,              0.0015185
                     30,                0.70952,                 0.5316,                 1.0304,                0.91063,                    0.5,                0.54189,                 0.4363,                0.75879,                 1.7205,                0.96675,               0.001513,               0.001513,               0.001513
                     31,                0.66231,                0.47395,                 0.9975,                0.98804,                0.39286,                0.70782,                0.60197,                0.69382,                 1.4027,                0.94919,              0.0015075,              0.0015075,              0.0015075
                     32,                0.66292,                0.44377,                 1.0159,                0.91158,                    0.5,                0.68261,                0.58172,                0.77244,                 1.5183,                 1.0006,               0.001502,               0.001502,               0.001502
                     33,                0.70057,                0.44092,                 1.0121,                0.91079,                    0.5,                0.62809,                0.51897,                0.77775,                 1.6448,                 1.0505,              0.0014965,              0.0014965,              0.0014965
                     34,                0.73046,                0.48322,                 1.0959,                 0.9838,                      1,                  0.995,                0.70292,                0.99283,                0.60405,                 1.1064,               0.001491,               0.001491,               0.001491
                     35,                0.66635,                0.45017,                 1.0209,                0.99062,                      1,                  0.995,                0.85962,                0.59747,                0.39743,                0.94655,              0.0014855,              0.0014855,              0.0014855
                     36,                0.69511,                0.49063,                 1.0354,                0.88931,                 0.3769,                0.92151,                0.69576,                0.93244,                 2.3568,                 1.1774,                0.00148,                0.00148,                0.00148
                     37,                0.69757,                0.46876,                 1.0275,                0.69496,                      1,                0.88419,                0.66244,                 1.0406,                 1.9624,                 1.3323,              0.0014745,              0.0014745,              0.0014745
                     38,                0.70061,                0.54023,                 1.0264,                  0.962,                      1,                  0.995,                0.84726,                0.62977,                0.38727,                0.95822,               0.001469,               0.001469,               0.001469
                     39,                0.67393,                 0.4442,                 1.0066,                0.97623,                      1,                  0.995,                0.86389,                0.68189,                0.38839,                0.97755,              0.0014635,              0.0014635,              0.0014635
                     40,                0.69321,                0.42255,                 1.0039,                0.85136,                0.87553,                0.98205,                0.79434,                0.97359,                 1.1877,                 1.1397,               0.001458,               0.001458,               0.001458
                     41,                0.65211,                 0.4143,                0.99001,                0.96698,                0.96462,                  0.995,                0.83174,                 0.7429,                0.42774,                 1.0012,              0.0014525,              0.0014525,              0.0014525
                     42,                0.74104,                0.44527,                 1.0444,                0.99421,                      1,                  0.995,                 0.8558,                0.71132,                0.39619,                0.99438,               0.001447,               0.001447,               0.001447
                     43,                0.68855,                0.41353,                 1.0279,                0.91402,                      1,                0.96777,                0.83139,                 0.6708,                0.50709,                0.98012,              0.0014415,              0.0014415,              0.0014415
                     44,                0.70617,                0.41574,                 1.0414,                0.91106,                    0.5,                0.43926,                0.37239,                0.62119,                 1.6337,                0.96563,               0.001436,               0.001436,               0.001436
                     45,                0.63622,                0.40609,                0.99199,                0.99454,                      1,                  0.995,                0.86759,                0.65865,                 0.3469,                0.98758,              0.0014305,              0.0014305,              0.0014305
                     46,                0.65689,                0.40332,                0.99213,                0.96725,                0.89431,                  0.995,                0.82577,                0.68627,                0.47119,                0.97349,               0.001425,               0.001425,               0.001425
                     47,                 0.6979,                0.40461,                 1.0083,                0.78761,                0.89384,                  0.995,                0.84016,                0.64544,                0.54943,                0.95444,              0.0014195,              0.0014195,              0.0014195
                     48,                0.67965,                0.41528,                  1.024,                0.91548,                 0.8945,                  0.995,                0.84804,                0.59342,                0.44619,                0.93459,              0.0014139,              0.0014139,              0.0014139
                     49,                0.64503,                0.38504,                0.99623,                0.98068,                0.93556,                  0.995,                 0.8041,                0.75864,                 0.3982,                 1.0377,              0.0014084,              0.0014084,              0.0014084
                     50,                0.71024,                0.41519,                 1.0564,                0.91102,                    0.5,                0.46836,                0.38858,                0.80573,                  1.709,                 1.0138,              0.0014029,              0.0014029,              0.0014029
                     51,                0.77872,                0.49123,                 1.0414,                0.77936,                0.89401,                0.99313,                0.82477,                0.71117,                 0.6774,                 1.0016,              0.0013974,              0.0013974,              0.0013974
                     52,                0.73917,                0.46858,                 1.0647,                0.58978,                0.92857,                0.82028,                0.70208,                0.63287,                 1.0491,                0.94691,              0.0013919,              0.0013919,              0.0013919
                     53,                0.71303,                0.42187,                 1.0303,                0.92875,                0.68392,                0.98912,                0.51684,                 1.0873,                 1.1025,                 1.3348,              0.0013864,              0.0013864,              0.0013864
                     54,                0.65157,                0.40425,                0.99076,                0.63026,                0.76788,                0.74147,                0.47363,                 1.0394,                 1.4205,                 1.2942,              0.0013809,              0.0013809,              0.0013809
                     55,                0.64231,                0.41477,                 1.0044,                0.70957,                0.87916,                0.71987,                0.49294,                0.85419,                0.95883,                 1.1423,              0.0013754,              0.0013754,              0.0013754
                     56,                0.67219,                0.42476,                 1.0128,                0.96466,                0.96712,                  0.995,                0.85335,                0.64873,                0.42484,                 1.0032,              0.0013699,              0.0013699,              0.0013699
                     57,                0.64088,                0.36958,                0.98706,                0.98576,                      1,                  0.995,                0.86381,                 0.5841,                0.35327,                0.95798,              0.0013644,              0.0013644,              0.0013644
                     58,                 0.6909,                0.49598,                  1.033,                0.63462,                0.83333,                0.89768,                0.81432,                0.52179,                 1.4983,                0.93338,              0.0013589,              0.0013589,              0.0013589
                     59,                0.67482,                0.42979,                 1.0316,                0.32988,                0.91667,                0.49458,                 0.4341,                0.53911,                  2.033,                0.97694,              0.0013534,              0.0013534,              0.0013534
                     60,                0.66898,                 0.4116,                 1.0065,                0.63125,                0.99669,                0.87063,                0.76105,                0.59854,                0.62845,                 1.0001,              0.0013479,              0.0013479,              0.0013479
                     61,                0.65854,                 0.4131,                 1.0111,                0.69323,                0.83151,                 0.8235,                0.70648,                0.67084,                0.66905,                 1.0298,              0.0013424,              0.0013424,              0.0013424
                     62,                0.66838,                0.38121,                 1.0277,                0.94159,                0.92207,                  0.995,                0.85007,                0.61665,                0.44803,                 1.0328,              0.0013369,              0.0013369,              0.0013369
                     63,                0.64237,                0.38718,                 0.9894,                0.92218,                0.97952,                  0.995,                0.85217,                0.60109,                0.39326,                 1.0159,              0.0013314,              0.0013314,              0.0013314
                     64,                0.75289,                0.39595,                 1.0599,                0.90612,                0.82447,                  0.995,                0.88031,                0.53903,                0.45764,                0.92474,              0.0013259,              0.0013259,              0.0013259
                     65,                0.65561,                0.40944,                 1.0191,                 0.8128,                0.76239,                  0.995,                0.86618,                0.58338,                0.63367,                0.95357,              0.0013204,              0.0013204,              0.0013204
                     66,                0.66108,                0.38761,                 1.0213,                0.98611,                      1,                  0.995,                0.83786,                0.67683,                0.38569,                 0.9586,              0.0013149,              0.0013149,              0.0013149
                     67,                0.66816,                0.37965,                0.99478,                0.98737,                      1,                  0.995,                0.87392,                0.60773,                0.33935,                0.92622,              0.0013094,              0.0013094,              0.0013094
                     68,                0.69378,                0.39221,                 1.0081,                 0.9837,                      1,                  0.995,                0.86294,                0.68963,                0.37723,                0.94662,              0.0013039,              0.0013039,              0.0013039
                     69,                0.68081,                0.42588,                 1.0201,                0.91095,                    0.5,                 0.6059,                0.51686,                0.57711,                 1.3472,                0.90741,              0.0012984,              0.0012984,              0.0012984
                     70,                0.62854,                0.37427,                0.97831,                0.82503,                0.93335,                0.86338,                0.73374,                0.61125,                0.40784,                 0.9171,              0.0012929,              0.0012929,              0.0012929
                     71,                0.65364,                0.38093,                 1.0052,                0.86832,                0.96429,                0.98882,                0.88208,                0.53843,                0.33255,                 0.9314,              0.0012874,              0.0012874,              0.0012874
                     72,                0.64518,                0.40948,                0.98852,                0.82884,                0.90414,                  0.995,                0.88265,                 0.5705,                0.43171,                0.96356,              0.0012819,              0.0012819,              0.0012819
                     73,                0.69261,                0.39688,                 1.0442,                0.66824,                0.90595,                0.93269,                0.83622,                0.53981,                0.65397,                0.94804,              0.0012764,              0.0012764,              0.0012764
                     74,                0.64889,                0.36209,                 1.0033,                0.69459,                0.98408,                0.86749,                0.71807,                0.64012,                0.74917,                0.96579,              0.0012709,              0.0012709,              0.0012709
                     75,                0.65074,                0.36311,                 1.0001,                0.51982,                   0.75,                0.56868,                0.47839,                0.64035,                 1.3673,                0.98825,              0.0012654,              0.0012654,              0.0012654
                     76,                0.59936,                0.34282,                0.98232,                0.64191,                 0.8182,                0.66713,                0.57752,                 0.5665,                0.79013,                0.91335,              0.0012599,              0.0012599,              0.0012599
                     77,                0.64589,                0.37028,                 1.0135,                0.67328,                0.91359,                  0.796,                0.70438,                0.62276,                0.56208,                0.93796,              0.0012544,              0.0012544,              0.0012544
                     78,                 0.6084,                0.34545,                0.98546,                0.99412,                      1,                  0.995,                0.88548,                0.60817,                0.35688,                0.93668,              0.0012489,              0.0012489,              0.0012489
                     79,                0.62024,                0.34642,                0.99956,                 0.9859,                      1,                  0.995,                0.86543,                0.65175,                0.67305,                0.95093,              0.0012434,              0.0012434,              0.0012434
                     80,                0.63502,                0.34458,                  1.004,                0.95845,                      1,                  0.995,                0.88764,                0.56534,                 0.4994,                0.91715,              0.0012379,              0.0012379,              0.0012379
                     81,                 0.6238,                0.37084,                0.97134,                0.60111,                      1,                  0.995,                0.86034,                 0.5592,                0.64102,                0.92749,              0.0012324,              0.0012324,              0.0012324
                     82,                0.63466,                0.36842,                0.97813,                0.93494,                0.87356,                0.94946,                0.82844,                0.66182,                0.47363,                0.95109,              0.0012269,              0.0012269,              0.0012269
                     83,                0.61278,                0.35236,                0.98177,                0.74777,                0.83029,                  0.995,                0.86724,                  0.763,                0.62298,                 1.0122,              0.0012214,              0.0012214,              0.0012214
                     84,                0.63893,                0.34416,                0.99206,                0.52327,                      1,                0.99135,                0.85171,                0.69486,                0.99692,                0.96968,              0.0012159,              0.0012159,              0.0012159
                     85,                0.62753,                0.33571,                0.97895,                0.67738,                0.83009,                0.75278,                0.65179,                0.59797,                0.84153,                0.93701,              0.0012104,              0.0012104,              0.0012104
                     86,                0.63255,                0.34203,                 1.0196,                 0.7421,                0.99581,                  0.995,                0.84907,                0.57553,                0.38824,                0.92906,              0.0012049,              0.0012049,              0.0012049
                     87,                0.61523,                0.34867,                 0.9743,                 0.7361,                0.89286,                0.86844,                0.72853,                0.55394,                0.50289,                0.91882,              0.0011994,              0.0011994,              0.0011994
                     88,                0.59833,                 0.3374,                0.97582,                0.65497,                0.84893,                0.92133,                0.81622,                0.58579,                0.79619,                0.94281,              0.0011939,              0.0011939,              0.0011939
                     89,                0.63932,                0.38733,                 1.0234,                0.65844,                0.99341,                0.84779,                0.74016,                0.58011,                 0.5123,                0.93799,              0.0011884,              0.0011884,              0.0011884
                     90,                0.67374,                0.36182,                 1.0162,                0.84227,                0.93057,                  0.995,                0.88839,                0.59411,                0.36667,                0.94266,              0.0011829,              0.0011829,              0.0011829
                     91,                0.65929,                0.35768,                 1.0007,                0.63076,                0.97705,                0.87063,                0.75613,                0.56871,                0.71664,                0.94212,              0.0011774,              0.0011774,              0.0011774
                     92,                 0.6119,                0.34781,                 0.9876,                0.76213,                0.91199,                  0.995,                0.87954,                0.53347,                 0.4421,                0.91713,              0.0011719,              0.0011719,              0.0011719
                     93,                0.64201,                0.34087,                 1.0147,                0.63456,                0.86052,                0.72844,                0.63381,                0.53245,                 0.8858,                0.92743,              0.0011664,              0.0011664,              0.0011664
                     94,                0.62369,                0.35562,                0.98516,                0.65802,                0.80315,                0.65727,                0.57218,                0.56964,                0.91184,                0.91858,              0.0011609,              0.0011609,              0.0011609
                     95,                0.62386,                0.35575,                 0.9997,                0.70071,                0.97008,                  0.995,                0.87559,                0.52302,                0.48055,                 0.9149,              0.0011554,              0.0011554,              0.0011554
                     96,                0.54305,                0.31846,                0.95541,                0.67652,                0.94387,                  0.995,                0.85546,                0.57606,                0.60312,                0.95213,              0.0011499,              0.0011499,              0.0011499
                     97,                0.60704,                0.33801,                0.98821,                0.65775,                      1,                  0.995,                0.88477,                0.53896,                0.62521,                0.92368,              0.0011444,              0.0011444,              0.0011444
                     98,                0.60952,                0.33256,                  1.004,                0.66667,                0.85478,                0.89125,                0.77402,                0.62014,                0.79033,                0.97209,              0.0011389,              0.0011389,              0.0011389
                     99,                 0.5828,                0.33006,                0.97417,                0.65846,                0.83534,                 0.6969,                0.59944,                0.64031,                0.86601,                0.95202,              0.0011334,              0.0011334,              0.0011334
                    100,                0.64068,                0.36316,                0.99157,                0.63254,                0.74918,                0.54512,                0.45893,                0.64545,                 1.1853,                0.94618,              0.0011279,              0.0011279,              0.0011279
                    101,                0.61572,                0.33842,                 0.9825,                0.73902,                0.78007,                0.65065,                0.53363,                0.57294,                0.84922,                0.93062,              0.0011224,              0.0011224,              0.0011224
                    102,                0.60084,                0.33268,                0.98549,                 0.9117,                0.89388,                  0.995,                0.87652,                0.64733,                0.41077,                0.95851,              0.0011169,              0.0011169,              0.0011169
                    103,                0.60698,                 0.3289,                0.98594,                0.95312,                0.94794,                  0.995,                0.84713,                0.73468,                0.39708,                0.98643,              0.0011114,              0.0011114,              0.0011114
                    104,                0.60943,                0.35037,                0.98434,                0.97263,                0.99694,                  0.995,                0.87403,                 0.6859,                0.31244,                0.97528,              0.0011059,              0.0011059,              0.0011059
                    105,                0.59624,                0.31621,                0.97305,                0.98644,                      1,                  0.995,                0.87048,                 0.6906,                0.30183,                0.95412,              0.0011004,              0.0011004,              0.0011004
                    106,                0.60403,                0.36397,                0.97859,                0.99332,                      1,                  0.995,                0.87643,                0.62863,                0.29282,                0.92549,              0.0010949,              0.0010949,              0.0010949
                    107,                0.61135,                0.34676,                0.97128,                0.58824,                0.96429,                0.83365,                 0.7329,                0.56336,                 2.1765,                0.93687,              0.0010894,              0.0010894,              0.0010894
                    108,                0.60046,                0.34824,                0.97463,                 0.6114,                0.88897,                0.99097,                0.86829,                 0.5441,                 1.4738,                0.94339,              0.0010839,              0.0010839,              0.0010839
                    109,                0.62207,                0.35563,                0.99668,                 0.6318,                0.99655,                0.95417,                0.81845,                0.60223,                0.62569,                0.95565,              0.0010784,              0.0010784,              0.0010784
                    110,                0.58374,                0.33029,                0.96147,                 0.6367,                      1,                  0.975,                0.85359,                0.55736,                0.54378,                0.94316,              0.0010729,              0.0010729,              0.0010729
                    111,                0.62083,                0.34054,                 1.0049,                0.87185,                0.95062,                  0.995,                0.87456,                0.54506,                 0.3591,                0.93953,              0.0010674,              0.0010674,              0.0010674
                    112,                 0.5722,                0.31618,                0.96852,                0.98794,                      1,                  0.995,                 0.8788,                 0.6404,                0.34538,                0.96991,              0.0010619,              0.0010619,              0.0010619
                    113,                0.58477,                0.33054,                0.95896,                0.94795,                0.90258,                  0.995,                0.87507,                0.60626,                0.32922,                0.94603,              0.0010564,              0.0010564,              0.0010564
                    114,                0.56447,                0.30851,                0.95825,                0.74752,                0.89393,                0.98973,                 0.8709,                0.58818,                0.51645,                0.95182,              0.0010509,              0.0010509,              0.0010509
                    115,                0.58579,                0.31087,                0.99026,                 0.6218,                0.89241,                0.82698,                0.72135,                0.60088,                 1.1362,                0.96795,              0.0010454,              0.0010454,              0.0010454
                    116,                0.60983,                0.32482,                0.96691,                0.60714,                      1,                  0.995,                0.87283,                0.58062,                0.78876,                0.95343,              0.0010399,              0.0010399,              0.0010399
                    117,                0.57885,                0.31292,                0.97467,                0.95089,                0.73152,                  0.995,                0.89031,                0.57969,                0.56416,                0.94475,              0.0010344,              0.0010344,              0.0010344
                    118,                0.55625,                0.29917,                0.95673,                0.95988,                0.94797,                  0.995,                0.90124,                0.56381,                0.34397,                 0.9252,              0.0010289,              0.0010289,              0.0010289
                    119,                0.56068,                0.31451,                0.95539,                0.66746,                      1,                  0.995,                0.88313,                0.56125,                0.49114,                0.91836,              0.0010234,              0.0010234,              0.0010234
                    120,                0.58326,                0.32563,                0.96505,                0.77062,                0.96582,                  0.995,                0.90185,                0.57438,                0.41526,                0.92282,              0.0010179,              0.0010179,              0.0010179
                    121,                0.59983,                0.31725,                0.95803,                0.97925,                      1,                  0.995,                0.89331,                0.56075,                0.27861,                0.91919,              0.0010124,              0.0010124,              0.0010124
                    122,                0.57699,                0.31523,                0.96653,                0.99143,                      1,                  0.995,                0.88951,                0.52351,                0.23993,                0.90453,              0.0010069,              0.0010069,              0.0010069
                    123,                0.62552,                0.34143,                0.99359,                0.95891,                0.94702,                  0.995,                0.85414,                0.51003,                0.34193,                0.89774,              0.0010014,              0.0010014,              0.0010014
                    124,                0.56086,                0.31547,                0.94125,                0.87995,                 0.9453,                  0.995,                0.86216,                0.54623,                 0.3135,                0.91137,             0.00099587,             0.00099587,             0.00099587
                    125,                0.59964,                0.34227,                0.97788,                0.97846,                0.89655,                  0.995,                0.86593,                0.54979,                0.31986,                0.91512,             0.00099036,             0.00099036,             0.00099036
                    126,                0.64172,                0.33381,                 1.0205,                0.81983,                0.89286,                0.99007,                0.85653,                0.60696,                0.55529,                0.93888,             0.00098486,             0.00098486,             0.00098486
                    127,                0.55055,                0.31876,                0.96546,                0.74949,                0.86392,                 0.9796,                0.86525,                 0.7127,                0.60307,                 1.0155,             0.00097936,             0.00097936,             0.00097936
                    128,                  0.579,                 0.3166,                0.95864,                0.74861,                0.89403,                0.75346,                0.65263,                0.66026,                0.60161,                0.95809,             0.00097386,             0.00097386,             0.00097386
                    129,                0.60093,                 0.4113,                0.94982,                0.74731,                0.89399,                0.74625,                0.64096,                0.63855,                0.57615,                0.95069,             0.00096836,             0.00096836,             0.00096836
                    130,                0.60473,                0.32449,                0.98872,                0.74201,                0.89469,                0.73951,                0.64467,                0.66265,                0.60362,                 0.9588,             0.00096286,             0.00096286,             0.00096286
                    131,                0.57462,                0.30652,                0.96023,                0.74569,                0.89286,                0.65527,                0.57368,                0.60132,                0.59444,                0.92458,             0.00095736,             0.00095736,             0.00095736
                    132,                0.60628,                0.30815,                0.97414,                 0.6799,                0.82317,                0.64491,                0.55885,                0.55091,                0.78731,                0.90868,             0.00095186,             0.00095186,             0.00095186
                    133,                0.55497,                0.31391,                0.94483,                0.66279,                0.89221,                0.64448,                0.55131,                0.53309,                0.70396,                0.90116,             0.00094636,             0.00094636,             0.00094636
                    134,                0.57611,                0.30758,                0.96301,                0.99457,                      1,                  0.995,                0.85017,                0.59049,                 0.2781,                0.91334,             0.00094085,             0.00094085,             0.00094085
                    135,                0.55499,                0.28545,                0.92743,                0.94324,                0.94678,                  0.995,                0.84389,                 0.6478,                0.32707,                 0.9341,             0.00093535,             0.00093535,             0.00093535
                    136,                0.57387,                 0.3039,                0.97891,                0.99452,                      1,                  0.995,                0.86192,                 0.5462,                0.24667,                0.89878,             0.00092985,             0.00092985,             0.00092985
                    137,                0.56549,                0.29488,                 0.9443,                0.99508,                      1,                  0.995,                0.88419,                 0.5615,                0.26019,                0.89971,             0.00092435,             0.00092435,             0.00092435
                    138,                0.53893,                0.28856,                0.94968,                0.96249,                      1,                  0.995,                0.89655,                 0.5629,                0.30386,                0.92809,             0.00091885,             0.00091885,             0.00091885
                    139,                0.57552,                0.30807,                0.97189,                 0.7435,                0.89286,                0.72772,                0.63446,                0.56103,                0.60459,                0.93018,             0.00091335,             0.00091335,             0.00091335
                    140,                0.56754,                0.30844,                0.96773,                0.53194,                0.78571,                0.60082,                0.51813,                0.68789,                 1.2259,                0.97017,             0.00090785,             0.00090785,             0.00090785
                    141,                0.61332,                0.32391,                0.99187,                0.73486,                0.87963,                0.71805,                0.63169,                0.64725,                0.65747,                0.96741,             0.00090235,             0.00090235,             0.00090235
                    142,                0.53873,                0.30637,                0.94394,                0.87341,                0.90434,                  0.995,                0.87899,                0.58401,                0.36117,                0.93762,             0.00089685,             0.00089685,             0.00089685
                    143,                0.55455,                0.31381,                0.95576,                0.96635,                0.94809,                  0.995,                0.84787,                0.57238,                0.35783,                0.93058,             0.00089134,             0.00089134,             0.00089134
                    144,                0.57143,                0.31741,                0.96333,                0.98578,                      1,                  0.995,                0.87964,                0.59681,                0.29321,                0.92282,             0.00088584,             0.00088584,             0.00088584
                    145,                0.57251,                0.30739,                0.98909,                0.98991,                      1,                  0.995,                0.87616,                0.56725,                0.30244,                0.91846,             0.00088034,             0.00088034,             0.00088034
                    146,                0.56983,                0.29783,                0.95695,                0.98846,                      1,                  0.995,                0.87743,                0.50956,                0.26098,                0.91519,             0.00087484,             0.00087484,             0.00087484
                    147,                0.56858,                 0.2922,                0.95762,                0.78086,                      1,                  0.995,                0.89453,                0.51437,                0.30723,                0.91712,             0.00086934,             0.00086934,             0.00086934
                    148,                0.57907,                0.29875,                0.98573,                0.82693,                0.94755,                0.85667,                0.74641,                0.56188,                0.37238,                0.92831,             0.00086384,             0.00086384,             0.00086384
                    149,                0.59892,                0.31065,                 1.0026,                0.74383,                 0.8944,                0.82817,                0.73013,                0.54617,                0.46069,                0.92007,             0.00085834,             0.00085834,             0.00085834
                    150,                0.54801,                0.29944,                0.94017,                0.65043,                0.91595,                 0.7047,                0.62276,                0.57602,                0.74591,                0.92278,             0.00085284,             0.00085284,             0.00085284
                    151,                0.55762,                0.30274,                0.94369,                0.65873,                0.89069,                0.67602,                0.59712,                0.54794,                0.81904,                0.90256,             0.00084734,             0.00084734,             0.00084734
                    152,                0.59625,                0.32785,                0.96354,                0.73172,                0.97218,                 0.7875,                0.70735,                0.52305,                0.45789,                0.90065,             0.00084184,             0.00084184,             0.00084184
                    153,                0.54078,                0.28412,                0.93833,                0.94971,                      1,                  0.995,                0.88042,                0.52701,                0.33263,                0.89868,             0.00083633,             0.00083633,             0.00083633
                    154,                0.59226,                0.31134,                0.96416,                0.99329,                      1,                  0.995,                0.89367,                0.55229,                0.27897,                0.89572,             0.00083083,             0.00083083,             0.00083083
                    155,                0.55984,                0.28988,                  0.959,                0.99896,                      1,                  0.995,                0.89003,                 0.5763,                0.29517,                0.93846,             0.00082533,             0.00082533,             0.00082533
                    156,                0.53116,                0.29767,                0.95066,                0.99486,                      1,                  0.995,                0.89689,                0.56919,                 0.2919,                0.94319,             0.00081983,             0.00081983,             0.00081983
                    157,                0.57301,                0.30876,                0.95239,                0.99419,                      1,                  0.995,                0.89753,                0.57958,                0.27858,                0.93974,             0.00081433,             0.00081433,             0.00081433
                    158,                 0.5631,                0.29944,                0.98477,                0.97314,                0.99718,                  0.995,                0.88649,                 0.5961,                0.27602,                0.94104,             0.00080883,             0.00080883,             0.00080883
                    159,                0.54031,                0.30706,                0.95049,                0.98621,                      1,                  0.995,                0.87991,                0.61838,                0.29286,                0.95193,             0.00080333,             0.00080333,             0.00080333
                    160,                0.52711,                0.29453,                0.92483,                0.91492,                0.98423,                  0.995,                0.87259,                0.56151,                0.33618,                 0.9321,             0.00079783,             0.00079783,             0.00079783
                    161,                0.55128,                0.29996,                0.95228,                0.74242,                0.89389,                0.88245,                0.76134,                0.53234,                0.48677,                0.92091,             0.00079233,             0.00079233,             0.00079233
                    162,                0.55236,                0.29415,                0.96308,                0.69586,                0.87693,                0.71701,                0.63488,                0.47759,                0.58418,                0.90751,             0.00078682,             0.00078682,             0.00078682
                    163,                0.57626,                 0.3132,                0.96443,                0.76304,                0.91181,                0.76586,                0.65994,                0.60661,                0.43357,                0.94117,             0.00078132,             0.00078132,             0.00078132
                    164,                0.60018,                0.32127,                 1.0301,                0.75424,                0.89421,                0.79205,                0.68869,                0.58545,                0.44489,                0.94752,             0.00077582,             0.00077582,             0.00077582
                    165,                0.54026,                0.29543,                0.93883,                0.81595,                0.89627,                0.84714,                0.74934,                0.52493,                0.42764,                0.92687,             0.00077032,             0.00077032,             0.00077032
                    166,                0.55462,                0.29112,                 0.9771,                0.99301,                      1,                  0.995,                0.88715,                0.53752,                0.28289,                0.92014,             0.00076482,             0.00076482,             0.00076482
                    167,                0.56646,                0.29577,                0.96698,                0.99144,                      1,                  0.995,                0.88542,                0.59025,                0.29729,                0.94597,             0.00075932,             0.00075932,             0.00075932
                    168,                0.54968,                 0.2832,                0.96682,                0.99898,                      1,                  0.995,                0.88844,                0.54433,                0.25816,                0.92134,             0.00075382,             0.00075382,             0.00075382
                    169,                0.55181,                0.31587,                0.95982,                 0.9922,                      1,                  0.995,                0.85201,                0.52971,                0.26145,                0.90771,             0.00074832,             0.00074832,             0.00074832
                    170,                0.54646,                0.29243,                0.93993,                 0.7816,                0.90425,                  0.995,                0.84694,                0.53877,                0.46035,                0.91718,             0.00074282,             0.00074282,             0.00074282
